danceability,energy,key,loudness,mode,speechiness,acousticness,instrumentalness,liveness,valence,tempo,type,id,uri,track_href,analysis_url,duration_ms,time_signature,genre,song_name,Unnamed: 0,title
0.831,0.8140000000000001,2,-7.364,1,0.42,0.0598,0.0134,0.0556,0.389,156.985,audio_features,2Vc6NJ9PW9gD9q343XFRKx,spotify:track:2Vc6NJ9PW9gD9q343XFRKx,https://api.spotify.com/v1/tracks/2Vc6NJ9PW9gD9q343XFRKx,https://api.spotify.com/v1/audio-analysis/2Vc6NJ9PW9gD9q343XFRKx,124539,4,Dark Trap,Mercury: Retrograde,,
0.7190000000000001,0.493,8,-7.23,1,0.0794,0.401,0.0,0.118,0.124,115.08,audio_features,7pgJBLVz5VmnL7uGHmRj6p,spotify:track:7pgJBLVz5VmnL7uGHmRj6p,https://api.spotify.com/v1/tracks/7pgJBLVz5VmnL7uGHmRj6p,https://api.spotify.com/v1/audio-analysis/7pgJBLVz5VmnL7uGHmRj6p,224427,4,Dark Trap,Pathology,,
0.85,0.893,5,-4.783,1,0.0623,0.0138,4.14e-06,0.372,0.0391,218.05,audio_features,0vSWgAlfpye0WCGeNmuNhy,spotify:track:0vSWgAlfpye0WCGeNmuNhy,https://api.spotify.com/v1/tracks/0vSWgAlfpye0WCGeNmuNhy,https://api.spotify.com/v1/audio-analysis/0vSWgAlfpye0WCGeNmuNhy,98821,4,Dark Trap,Symbiote,,
0.476,0.7809999999999999,0,-4.71,1,0.103,0.0237,0.0,0.114,0.175,186.948,audio_features,0VSXnJqQkwuH2ei1nOQ1nu,spotify:track:0VSXnJqQkwuH2ei1nOQ1nu,https://api.spotify.com/v1/tracks/0VSXnJqQkwuH2ei1nOQ1nu,https://api.spotify.com/v1/audio-analysis/0VSXnJqQkwuH2ei1nOQ1nu,123661,3,Dark Trap,ProductOfDrugs (Prod. The Virus and Antidote),,
0.7979999999999999,0.624,2,-7.667999999999999,1,0.293,0.217,0.0,0.166,0.591,147.988,audio_features,4jCeguq9rMTlbMmPHuO7S3,spotify:track:4jCeguq9rMTlbMmPHuO7S3,https://api.spotify.com/v1/tracks/4jCeguq9rMTlbMmPHuO7S3,https://api.spotify.com/v1/audio-analysis/4jCeguq9rMTlbMmPHuO7S3,123298,4,Dark Trap,Venom,,
0.721,0.568,0,-11.295,1,0.414,0.0452,0.212,0.128,0.109,144.915,audio_features,6fsypiJHyWmeINsOLC1cos,spotify:track:6fsypiJHyWmeINsOLC1cos,https://api.spotify.com/v1/tracks/6fsypiJHyWmeINsOLC1cos,https://api.spotify.com/v1/audio-analysis/6fsypiJHyWmeINsOLC1cos,112511,4,Dark Trap,Gatteka,,
0.718,0.6679999999999999,8,-4.162,1,0.1369999999999999,0.0254,0.0078,0.124,0.038,130.826,audio_features,0XfQbq7DaMOmVXgQ71eA6E,spotify:track:0XfQbq7DaMOmVXgQ71eA6E,https://api.spotify.com/v1/tracks/0XfQbq7DaMOmVXgQ71eA6E,https://api.spotify.com/v1/audio-analysis/0XfQbq7DaMOmVXgQ71eA6E,77584,4,Dark Trap,kamikaze (+ pulse),,
0.6940000000000001,0.711,8,-5.525,1,0.221,0.0397,0.0,0.1119999999999999,0.283,138.049,audio_features,0LLeuNBWPOg3XA73yab3PT,spotify:track:0LLeuNBWPOg3XA73yab3PT,https://api.spotify.com/v1/tracks/0LLeuNBWPOg3XA73yab3PT,https://api.spotify.com/v1/audio-analysis/0LLeuNBWPOg3XA73yab3PT,127524,3,Dark Trap,T.R.U. (Totally Rotten Underground),,
0.774,0.7509999999999999,1,-2.445,1,0.198,0.0614,0.0,0.0728,0.1889999999999999,219.96,audio_features,37gqBnUAZe8BY8WR56kDNk,spotify:track:37gqBnUAZe8BY8WR56kDNk,https://api.spotify.com/v1/tracks/37gqBnUAZe8BY8WR56kDNk,https://api.spotify.com/v1/audio-analysis/37gqBnUAZe8BY8WR56kDNk,140326,4,Dark Trap,I Put My Dick in Your Mental,,
0.893,0.907,11,-10.406,1,0.367,0.152,0.0311,0.5579999999999999,0.302,199.942,audio_features,2ggqfj97qyiORmXoVFzP5j,spotify:track:2ggqfj97qyiORmXoVFzP5j,https://api.spotify.com/v1/tracks/2ggqfj97qyiORmXoVFzP5j,https://api.spotify.com/v1/audio-analysis/2ggqfj97qyiORmXoVFzP5j,121979,4,Dark Trap,Andromeda,,
0.21,0.94,9,-3.427,1,0.123,0.00602,0.0,0.2689999999999999,0.255,179.722,audio_features,7lRlq939cDG4SzWOF4VAnd,spotify:track:7lRlq939cDG4SzWOF4VAnd,https://api.spotify.com/v1/tracks/7lRlq939cDG4SzWOF4VAnd,https://api.spotify.com/v1/audio-analysis/7lRlq939cDG4SzWOF4VAnd,186480,4,Emo,I'm Not Okay (I Promise),,
0.634,0.8859999999999999,2,-3.466,1,0.0517,0.0291,0.0,0.342,0.922,161.933,audio_features,5kD9T7GForh8LnRz5ClbL8,spotify:track:5kD9T7GForh8LnRz5ClbL8,https://api.spotify.com/v1/tracks/5kD9T7GForh8LnRz5ClbL8,https://api.spotify.com/v1/audio-analysis/5kD9T7GForh8LnRz5ClbL8,168253,4,Emo,The Middle,,
0.409,0.86,1,-4.424,0,0.0451,0.0407,0.0,0.0711,0.536,192.156,audio_features,5tDQ2Ep4MXcgjeLaZcwW6g,spotify:track:5tDQ2Ep4MXcgjeLaZcwW6g,https://api.spotify.com/v1/tracks/5tDQ2Ep4MXcgjeLaZcwW6g,https://api.spotify.com/v1/audio-analysis/5tDQ2Ep4MXcgjeLaZcwW6g,211547,4,Emo,Cute Without The 'E' (Cut From The Team),,
0.541,0.904,7,-3.0010000000000003,1,0.0435,0.00143,0.0,0.193,0.541,196.24400000000003,audio_features,5jZ1Z2GFTf2gwmFc3qiUxs,spotify:track:5jZ1Z2GFTf2gwmFc3qiUxs,https://api.spotify.com/v1/tracks/5jZ1Z2GFTf2gwmFc3qiUxs,https://api.spotify.com/v1/audio-analysis/5jZ1Z2GFTf2gwmFc3qiUxs,208693,4,Emo,The Taste of Ink,,
0.494,0.8420000000000001,7,-4.784,1,0.0843,0.00579,0.0,0.122,0.574,162.011,audio_features,2TfSHkHiFO4gRztVIkggkE,spotify:track:2TfSHkHiFO4gRztVIkggkE,https://api.spotify.com/v1/tracks/2TfSHkHiFO4gRztVIkggkE,https://api.spotify.com/v1/audio-analysis/2TfSHkHiFO4gRztVIkggkE,229093,4,Emo,"Sugar, We're Goin Down",,
0.569,0.83,9,-4.106,0,0.14,0.0807,0.0,0.114,0.609,170.09400000000002,audio_features,4bPQs0PHn4xbipzdPfn6du,spotify:track:4bPQs0PHn4xbipzdPfn6du,https://api.spotify.com/v1/tracks/4bPQs0PHn4xbipzdPfn6du,https://api.spotify.com/v1/audio-analysis/4bPQs0PHn4xbipzdPfn6du,186635,4,Emo,I Write Sins Not Tragedies,,
0.517,0.906,1,-3.677,1,0.0735,0.0027199999999999,9.26e-06,0.113,0.731,172.977,audio_features,6SpLc7EXZIPpy0sVko0aoU,spotify:track:6SpLc7EXZIPpy0sVko0aoU,https://api.spotify.com/v1/tracks/6SpLc7EXZIPpy0sVko0aoU,https://api.spotify.com/v1/audio-analysis/6SpLc7EXZIPpy0sVko0aoU,211520,4,Emo,Misery Business,,
0.6859999999999999,0.84,1,-5.142,1,0.159,0.0601,5.38e-06,0.1639999999999999,0.7040000000000001,105.0,audio_features,6vFD3c1WI1zuKoyk22dMw3,spotify:track:6vFD3c1WI1zuKoyk22dMw3,https://api.spotify.com/v1/tracks/6vFD3c1WI1zuKoyk22dMw3,https://api.spotify.com/v1/audio-analysis/6vFD3c1WI1zuKoyk22dMw3,203027,4,Emo,Little Things,,
0.308,0.873,8,-4.542,1,0.0533,0.00022,0.000729,0.0974,0.6859999999999999,143.519,audio_features,0Ti2dlF2xLjXblvdU5fCxM,spotify:track:0Ti2dlF2xLjXblvdU5fCxM,https://api.spotify.com/v1/tracks/0Ti2dlF2xLjXblvdU5fCxM,https://api.spotify.com/v1/audio-analysis/0Ti2dlF2xLjXblvdU5fCxM,206587,4,Emo,Miss Murder,,
0.544,0.7559999999999999,9,-4.365,0,0.033,0.0127,0.0,0.187,0.0902,125.278,audio_features,43CG5O08Tj6ODmSWQ9pfvF,spotify:track:43CG5O08Tj6ODmSWQ9pfvF,https://api.spotify.com/v1/tracks/43CG5O08Tj6ODmSWQ9pfvF,https://api.spotify.com/v1/audio-analysis/43CG5O08Tj6ODmSWQ9pfvF,272400,4,Emo,War All The Time,,
0.75,0.84,6,-4.855,1,0.349,0.369,0.0,0.0916,0.8009999999999999,198.108,audio_features,5DwWqxlff3SA0EbUrT4IzA,spotify:track:5DwWqxlff3SA0EbUrT4IzA,https://api.spotify.com/v1/tracks/5DwWqxlff3SA0EbUrT4IzA,https://api.spotify.com/v1/audio-analysis/5DwWqxlff3SA0EbUrT4IzA,213760,4,Hiphop,Stand Up,,
0.843,0.8059999999999999,4,-5.946000000000001,0,0.2689999999999999,0.143,0.0,0.0771,0.613,189.896,audio_features,0I3q5fE6wg7LIfHGngUTnV,spotify:track:0I3q5fE6wg7LIfHGngUTnV,https://api.spotify.com/v1/tracks/0I3q5fE6wg7LIfHGngUTnV,https://api.spotify.com/v1/audio-analysis/0I3q5fE6wg7LIfHGngUTnV,270507,4,Hiphop,Ms. Jackson,,
0.7509999999999999,0.708,0,-5.653,1,0.0545,0.0482,1.85e-05,0.107,0.509,108.97,audio_features,6bUNEbXT7HovLW6BgPCBsb,spotify:track:6bUNEbXT7HovLW6BgPCBsb,https://api.spotify.com/v1/tracks/6bUNEbXT7HovLW6BgPCBsb,https://api.spotify.com/v1/audio-analysis/6bUNEbXT7HovLW6BgPCBsb,369573,4,Hiphop,Roses,,
0.725,0.64,5,-7.905,0,0.332,0.0281,0.0,0.099,0.915,166.028,audio_features,6glsMWIMIxQ4BedzLqGVi4,spotify:track:6glsMWIMIxQ4BedzLqGVi4,https://api.spotify.com/v1/tracks/6glsMWIMIxQ4BedzLqGVi4,https://api.spotify.com/v1/audio-analysis/6glsMWIMIxQ4BedzLqGVi4,240027,3,Hiphop,"So Fresh, So Clean",,
0.871,0.597,5,-4.932,0,0.0464,0.126,0.000113,0.0638,0.635,125.999,audio_features,5z7mYFfhw6N6f23VwrokJD,spotify:track:5z7mYFfhw6N6f23VwrokJD,https://api.spotify.com/v1/tracks/5z7mYFfhw6N6f23VwrokJD,https://api.spotify.com/v1/audio-analysis/5z7mYFfhw6N6f23VwrokJD,234000,4,Hiphop,The Way You Move (feat. Sleepy Brown),,
0.877,0.534,1,-6.178,1,0.15,0.0339,1.67e-05,0.0441,0.89,108.17,audio_features,6e8Ou0wiqAzIpWb2eSxll8,spotify:track:6e8Ou0wiqAzIpWb2eSxll8,https://api.spotify.com/v1/tracks/6e8Ou0wiqAzIpWb2eSxll8,https://api.spotify.com/v1/audio-analysis/6e8Ou0wiqAzIpWb2eSxll8,197560,4,Hiphop,Miami,,
0.8009999999999999,0.581,5,-8.491,0,0.0681,0.0968,0.000318,0.0971,0.6559999999999999,107.545,audio_features,2FK7fxjzQEXD7Z32HSF0Hl,spotify:track:2FK7fxjzQEXD7Z32HSF0Hl,https://api.spotify.com/v1/tracks/2FK7fxjzQEXD7Z32HSF0Hl,https://api.spotify.com/v1/audio-analysis/2FK7fxjzQEXD7Z32HSF0Hl,227267,4,Hiphop,"Men In Black - From ""Men In Black"" Soundtrack",,
0.861,0.597,10,-7.221,0,0.162,0.0983,0.0,0.176,0.6940000000000001,107.016,audio_features,5AMvBCtX2rspUdoeJ9IsPN,spotify:track:5AMvBCtX2rspUdoeJ9IsPN,https://api.spotify.com/v1/tracks/5AMvBCtX2rspUdoeJ9IsPN,https://api.spotify.com/v1/audio-analysis/5AMvBCtX2rspUdoeJ9IsPN,268453,4,Hiphop,Wild Wild West (feat. Dru Hill & Kool Mo Dee) - Album Version With Intro,,
0.899,0.713,6,-2.752,0,0.366,0.255,0.0,0.0708,0.777,180.102,audio_features,7iL6o9tox1zgHpKUfh9vuC,spotify:track:7iL6o9tox1zgHpKUfh9vuC,https://api.spotify.com/v1/tracks/7iL6o9tox1zgHpKUfh9vuC,https://api.spotify.com/v1/audio-analysis/7iL6o9tox1zgHpKUfh9vuC,193467,4,Hiphop,In Da Club,,
0.619,0.578,11,-8.002,1,0.474,0.0214,3.37e-05,0.387,0.731,123.719,audio_features,0h5m65o5KnMFB4Gq47mbKt,spotify:track:0h5m65o5KnMFB4Gq47mbKt,https://api.spotify.com/v1/tracks/0h5m65o5KnMFB4Gq47mbKt,https://api.spotify.com/v1/audio-analysis/0h5m65o5KnMFB4Gq47mbKt,208144,5,Hiphop,Candy Shop,,
0.698,0.8440000000000001,7,-4.549,0,0.067,0.0577,1.6899999999999997e-05,0.105,0.446,126.937,audio_features,1OXfWI3FQMdsKKC6lkvzSx,spotify:track:1OXfWI3FQMdsKKC6lkvzSx,https://api.spotify.com/v1/tracks/1OXfWI3FQMdsKKC6lkvzSx,https://api.spotify.com/v1/audio-analysis/1OXfWI3FQMdsKKC6lkvzSx,198467,4,Pop,Glad You Came,,
0.6890000000000001,0.737,9,-4.516,1,0.0268,0.00482,0.0,0.0777,0.47,140.0,audio_features,4pSPMXaCjbaV3VSzZQYC7H,spotify:track:4pSPMXaCjbaV3VSzZQYC7H,https://api.spotify.com/v1/tracks/4pSPMXaCjbaV3VSzZQYC7H,https://api.spotify.com/v1/audio-analysis/4pSPMXaCjbaV3VSzZQYC7H,207893,4,Pop,Who Knew,,
0.688,0.7020000000000001,7,-4.792,0,0.0499,0.0215,0.0,0.128,0.74,188.012,audio_features,6Knv6wdA0luoMUuuoYi2i1,spotify:track:6Knv6wdA0luoMUuuoYi2i1,https://api.spotify.com/v1/tracks/6Knv6wdA0luoMUuuoYi2i1,https://api.spotify.com/v1/audio-analysis/6Knv6wdA0luoMUuuoYi2i1,192191,4,Pop,My House,,
0.706,0.841,7,-3.956,1,0.0418,7.950000000000001e-05,0.0,0.0688,0.861,132.032,audio_features,2AZXe8nq18mPITmPy5KJwQ,spotify:track:2AZXe8nq18mPITmPy5KJwQ,https://api.spotify.com/v1/tracks/2AZXe8nq18mPITmPy5KJwQ,https://api.spotify.com/v1/audio-analysis/2AZXe8nq18mPITmPy5KJwQ,220227,4,Pop,Hot N Cold,,
0.858,0.677,1,-3.842,0,0.0465,0.0752,0.0,0.0718,0.925,117.005,audio_features,3veFQzlEOTpcGGIbYPKdYq,spotify:track:3veFQzlEOTpcGGIbYPKdYq,https://api.spotify.com/v1/tracks/3veFQzlEOTpcGGIbYPKdYq,https://api.spotify.com/v1/audio-analysis/3veFQzlEOTpcGGIbYPKdYq,188067,4,Pop,Love You Like A Love Song,,
0.5870000000000001,0.828,11,-5.1080000000000005,1,0.161,0.00327,0.0,0.331,0.494,123.907,audio_features,6r2BECwMgEoRb5yLfp0Hca,spotify:track:6r2BECwMgEoRb5yLfp0Hca,https://api.spotify.com/v1/tracks/6r2BECwMgEoRb5yLfp0Hca,https://api.spotify.com/v1/audio-analysis/6r2BECwMgEoRb5yLfp0Hca,260253,4,Pop,Born This Way,,
0.711,0.7,1,-4.805,0,0.046,0.00498,0.000125,0.215,0.8009999999999999,128.001,audio_features,6mnjcTmK8TewHfyOp3fC9C,spotify:track:6mnjcTmK8TewHfyOp3fC9C,https://api.spotify.com/v1/tracks/6mnjcTmK8TewHfyOp3fC9C,https://api.spotify.com/v1/audio-analysis/6mnjcTmK8TewHfyOp3fC9C,211920,4,Pop,Die Young,,
0.512,0.8029999999999999,2,-5.135,1,0.0531,0.00362,0.000583,0.1159999999999999,0.591,124.162,audio_features,294vBlXfZYspeI29SXZaON,spotify:track:294vBlXfZYspeI29SXZaON,https://api.spotify.com/v1/tracks/294vBlXfZYspeI29SXZaON,https://api.spotify.com/v1/audio-analysis/294vBlXfZYspeI29SXZaON,249693,4,Pop,Wake Me Up,,
0.715,0.97,0,-2.206,1,0.0648,0.0644,0.000156,0.205,0.963,159.00799999999998,audio_features,3AszgPDZd9q0DpDFt4HFBy,spotify:track:3AszgPDZd9q0DpDFt4HFBy,https://api.spotify.com/v1/tracks/3AszgPDZd9q0DpDFt4HFBy,https://api.spotify.com/v1/audio-analysis/3AszgPDZd9q0DpDFt4HFBy,239240,4,Pop,Hey Ya! - Radio Mix,,
0.6940000000000001,0.602,10,-7.358,0,0.0276,0.472,0.0982,0.109,0.3289999999999999,209.99400000000003,audio_features,7jUBj3nZfs0dRqr68b4yxy,spotify:track:7jUBj3nZfs0dRqr68b4yxy,https://api.spotify.com/v1/tracks/7jUBj3nZfs0dRqr68b4yxy,https://api.spotify.com/v1/audio-analysis/7jUBj3nZfs0dRqr68b4yxy,164008,4,Pop,Smoke & Ash,,
0.745,0.561,0,-4.869,1,0.0807,0.0758,0.0,0.133,0.449,77.557,audio_features,41MCdlvXOl62B7Kv86Bb1v,spotify:track:41MCdlvXOl62B7Kv86Bb1v,https://api.spotify.com/v1/tracks/41MCdlvXOl62B7Kv86Bb1v,https://api.spotify.com/v1/audio-analysis/41MCdlvXOl62B7Kv86Bb1v,248431,4,Rap,Empty,,
0.8370000000000001,0.364,8,-11.713,1,0.276,0.149,0.0,0.271,0.4629999999999999,123.984,audio_features,2JvzF1RMd7lE3KmFlsyZD8,spotify:track:2JvzF1RMd7lE3KmFlsyZD8,https://api.spotify.com/v1/tracks/2JvzF1RMd7lE3KmFlsyZD8,https://api.spotify.com/v1/audio-analysis/2JvzF1RMd7lE3KmFlsyZD8,213594,4,Rap,MIDDLE CHILD,,
0.8340000000000001,0.73,8,-3.714,1,0.222,0.00513,0.0,0.124,0.446,155.00799999999998,audio_features,2xLMifQCjDGFmkHkpNLD9h,spotify:track:2xLMifQCjDGFmkHkpNLD9h,https://api.spotify.com/v1/tracks/2xLMifQCjDGFmkHkpNLD9h,https://api.spotify.com/v1/audio-analysis/2xLMifQCjDGFmkHkpNLD9h,312820,4,Rap,SICKO MODE,,
0.598,0.427,7,-8.764,0,0.0317,0.0546,5.83e-06,0.21,0.0605,76.469,audio_features,3eekarcy7kvN4yt5ZFzltW,spotify:track:3eekarcy7kvN4yt5ZFzltW,https://api.spotify.com/v1/tracks/3eekarcy7kvN4yt5ZFzltW,https://api.spotify.com/v1/audio-analysis/3eekarcy7kvN4yt5ZFzltW,175721,4,Rap,HIGHEST IN THE ROOM,,
0.763,0.628,11,-5.85,1,0.05,0.0531,0.0,0.114,0.193,140.958,audio_features,2cYqizR4lgvp4Qu6IQ3qGN,spotify:track:2cYqizR4lgvp4Qu6IQ3qGN,https://api.spotify.com/v1/tracks/2cYqizR4lgvp4Qu6IQ3qGN,https://api.spotify.com/v1/audio-analysis/2cYqizR4lgvp4Qu6IQ3qGN,190557,4,Rap,BUTTERFLY EFFECT,,
0.809,0.545,7,-6.678,1,0.0735,0.392,0.0,0.151,0.244,97.008,audio_features,3QzAOrNlsabgbMwlZt7TAY,spotify:track:3QzAOrNlsabgbMwlZt7TAY,https://api.spotify.com/v1/tracks/3QzAOrNlsabgbMwlZt7TAY,https://api.spotify.com/v1/audio-analysis/3QzAOrNlsabgbMwlZt7TAY,180435,4,Rap,Ballin' (with Roddy Ricch),,
0.7909999999999999,0.5870000000000001,3,-5.075,0,0.0413,0.407,0.0,0.148,0.536,96.057,audio_features,3Ol2xnObFdKV9pmRD2t9x8,spotify:track:3Ol2xnObFdKV9pmRD2t9x8,https://api.spotify.com/v1/tracks/3Ol2xnObFdKV9pmRD2t9x8,https://api.spotify.com/v1/audio-analysis/3Ol2xnObFdKV9pmRD2t9x8,179449,4,Rap,Look Back at It,,
0.855,0.6509999999999999,0,-8.044,0,0.235,0.063,0.0,0.0772,0.5589999999999999,111.997,audio_features,5Z8HZM6iQMhhqyPcCGY5g9,spotify:track:5Z8HZM6iQMhhqyPcCGY5g9,https://api.spotify.com/v1/tracks/5Z8HZM6iQMhhqyPcCGY5g9,https://api.spotify.com/v1/audio-analysis/5Z8HZM6iQMhhqyPcCGY5g9,193027,4,Rap,Hot (feat. Gunna),,
0.932,0.547,0,-7.787000000000001,0,0.3329999999999999,0.0388,0.0,0.0924,0.695,94.998,audio_features,4sjiIpEv617LDXaidKioOI,spotify:track:4sjiIpEv617LDXaidKioOI,https://api.spotify.com/v1/tracks/4sjiIpEv617LDXaidKioOI,https://api.spotify.com/v1/audio-analysis/4sjiIpEv617LDXaidKioOI,176640,4,Rap,223's (feat. 9lokknine),,
0.901,0.4639999999999999,5,-9.789,0,0.0645,0.368,1.7100000000000002e-05,0.238,0.638,109.004,audio_features,1fewSx2d5KIZ04wsooEBOz,spotify:track:1fewSx2d5KIZ04wsooEBOz,https://api.spotify.com/v1/tracks/1fewSx2d5KIZ04wsooEBOz,https://api.spotify.com/v1/audio-analysis/1fewSx2d5KIZ04wsooEBOz,203267,4,Rap,Space Cadet (feat. Gunna),,
0.602,0.785,7,-6.129,1,0.0578,0.245,0.0,0.19,0.565,168.076,audio_features,2J56xal7OfAlClcJymx8p4,spotify:track:2J56xal7OfAlClcJymx8p4,https://api.spotify.com/v1/tracks/2J56xal7OfAlClcJymx8p4,https://api.spotify.com/v1/audio-analysis/2J56xal7OfAlClcJymx8p4,214480,4,RnB,I Need a Girl,,
0.622,0.593,7,-8.352,0,0.0916,0.163,0.0,0.0979,0.607,188.728,audio_features,5WphWTUIfRe7x8NZss79cY,spotify:track:5WphWTUIfRe7x8NZss79cY,https://api.spotify.com/v1/tracks/5WphWTUIfRe7x8NZss79cY,https://api.spotify.com/v1/audio-analysis/5WphWTUIfRe7x8NZss79cY,249093,4,RnB,Let Me Love You,,
0.7170000000000001,0.583,1,-5.008,1,0.146,0.506,0.0,0.0821,0.816,139.76,audio_features,6OSmeoh8kXhCfz9WqvzDoJ,spotify:track:6OSmeoh8kXhCfz9WqvzDoJ,https://api.spotify.com/v1/tracks/6OSmeoh8kXhCfz9WqvzDoJ,https://api.spotify.com/v1/audio-analysis/6OSmeoh8kXhCfz9WqvzDoJ,252933,4,RnB,Same Girl (with Usher),,
0.8190000000000001,0.506,1,-4.965,1,0.0479,0.376,0.0,0.0945,0.608,199.942,audio_features,74r0nwfhQyQ5vPYjDoEuve,spotify:track:74r0nwfhQyQ5vPYjDoEuve,https://api.spotify.com/v1/tracks/74r0nwfhQyQ5vPYjDoEuve,https://api.spotify.com/v1/audio-analysis/74r0nwfhQyQ5vPYjDoEuve,287947,4,RnB,Me & U (feat. Diddy & Yung Joc) - Remix,,
0.662,0.748,5,-3.0410000000000004,0,0.268,0.688,8.43e-06,0.0841,0.535,164.662,audio_features,6Nq5lE0CeOAAAqN4qhkbZU,spotify:track:6Nq5lE0CeOAAAqN4qhkbZU,https://api.spotify.com/v1/tracks/6Nq5lE0CeOAAAqN4qhkbZU,https://api.spotify.com/v1/audio-analysis/6Nq5lE0CeOAAAqN4qhkbZU,239027,4,RnB,Suga Suga,,
0.727,0.552,2,-8.074,0,0.14,0.2269999999999999,0.000164,0.198,0.607,168.18900000000002,audio_features,0ARK753YaiJbpLUk7z5yIM,spotify:track:0ARK753YaiJbpLUk7z5yIM,https://api.spotify.com/v1/tracks/0ARK753YaiJbpLUk7z5yIM,https://api.spotify.com/v1/audio-analysis/0ARK753YaiJbpLUk7z5yIM,289160,4,RnB,Dilemma,,
0.675,0.3939999999999999,8,-8.539,1,0.133,0.0611,0.0,0.214,0.405,209.974,audio_features,5kxddRG1RZaZROadk7iC4D,spotify:track:5kxddRG1RZaZROadk7iC4D,https://api.spotify.com/v1/tracks/5kxddRG1RZaZROadk7iC4D,https://api.spotify.com/v1/audio-analysis/5kxddRG1RZaZROadk7iC4D,238800,4,RnB,Bartender,,
0.659,0.696,3,-4.291,1,0.071,0.143,0.0,0.13,0.665,172.002,audio_features,1j3H54xdahpAkNI0q6S89q,spotify:track:1j3H54xdahpAkNI0q6S89q,https://api.spotify.com/v1/tracks/1j3H54xdahpAkNI0q6S89q,https://api.spotify.com/v1/audio-analysis/1j3H54xdahpAkNI0q6S89q,252160,4,RnB,With You,,
0.772,0.5870000000000001,6,-6.944,1,0.187,0.0697,0.0,0.252,0.755,168.05,audio_features,1cb7x6ypOTkoY9naUUddYQ,spotify:track:1cb7x6ypOTkoY9naUUddYQ,https://api.spotify.com/v1/tracks/1cb7x6ypOTkoY9naUUddYQ,https://api.spotify.com/v1/audio-analysis/1cb7x6ypOTkoY9naUUddYQ,238467,4,RnB,Outta My System,,
0.662,0.507,5,-8.238,1,0.118,0.257,0.0,0.0465,0.6759999999999999,172.824,audio_features,68vgtRHr7iZHpzGpon6Jlo,spotify:track:68vgtRHr7iZHpzGpon6Jlo,https://api.spotify.com/v1/tracks/68vgtRHr7iZHpzGpon6Jlo,https://api.spotify.com/v1/audio-analysis/68vgtRHr7iZHpzGpon6Jlo,223440,4,RnB,My Boo,,
0.37,0.89,1,-4.974,1,0.264,0.00701,0.0,0.0909,0.65,159.899,audio_features,1yxzhTyNAK8gxDj7mP6d2P,spotify:track:1yxzhTyNAK8gxDj7mP6d2P,https://api.spotify.com/v1/tracks/1yxzhTyNAK8gxDj7mP6d2P,https://api.spotify.com/v1/audio-analysis/1yxzhTyNAK8gxDj7mP6d2P,138000,4,Trap Metal,May Your Glass Be Ever Full,,
0.491,0.789,0,-10.253,1,0.214,0.0163,0.418,0.937,0.316,140.118,audio_features,1K6iTx7xSGSHROUzGcbh7u,spotify:track:1K6iTx7xSGSHROUzGcbh7u,https://api.spotify.com/v1/tracks/1K6iTx7xSGSHROUzGcbh7u,https://api.spotify.com/v1/audio-analysis/1K6iTx7xSGSHROUzGcbh7u,137141,4,Trap Metal,I Gave You Everything I Had,,
0.74,0.773,0,-6.5920000000000005,1,0.166,0.0745,0.0,0.0884,0.255,109.837,audio_features,2dBVZV4HF0OYsY9Tf2kwn9,spotify:track:2dBVZV4HF0OYsY9Tf2kwn9,https://api.spotify.com/v1/tracks/2dBVZV4HF0OYsY9Tf2kwn9,https://api.spotify.com/v1/audio-analysis/2dBVZV4HF0OYsY9Tf2kwn9,199134,3,Trap Metal,Alpha,,
0.8690000000000001,0.605,10,-9.336,0,0.89,0.547,0.000124,0.0821,0.245,149.993,audio_features,56CWTdnnlgXQbc7d3olFUR,spotify:track:56CWTdnnlgXQbc7d3olFUR,https://api.spotify.com/v1/tracks/56CWTdnnlgXQbc7d3olFUR,https://api.spotify.com/v1/audio-analysis/56CWTdnnlgXQbc7d3olFUR,115350,4,Trap Metal,Neverlakk,,
0.634,0.913,1,-7.957999999999999,1,0.119,0.312,0.0,0.3979999999999999,0.5670000000000001,189.996,audio_features,0dbuj25kgMb8eDcqtc1raF,spotify:track:0dbuj25kgMb8eDcqtc1raF,https://api.spotify.com/v1/tracks/0dbuj25kgMb8eDcqtc1raF,https://api.spotify.com/v1/audio-analysis/0dbuj25kgMb8eDcqtc1raF,152607,4,Trap Metal,Role Model,,
0.898,0.5820000000000001,1,-9.476,1,0.0757,0.00344,0.000541,0.367,0.248,135.10299999999998,audio_features,2f9v47gjI9eVTETL4F69pU,spotify:track:2f9v47gjI9eVTETL4F69pU,https://api.spotify.com/v1/tracks/2f9v47gjI9eVTETL4F69pU,https://api.spotify.com/v1/audio-analysis/2f9v47gjI9eVTETL4F69pU,149159,4,Trap Metal,Big Bad Wolf,,
0.7290000000000001,0.915,10,-4.727,0,0.278,0.0446,0.0,0.268,0.561,163.07399999999998,audio_features,6iGdLIcqpFK1dG1rlauH1e,spotify:track:6iGdLIcqpFK1dG1rlauH1e,https://api.spotify.com/v1/tracks/6iGdLIcqpFK1dG1rlauH1e,https://api.spotify.com/v1/audio-analysis/6iGdLIcqpFK1dG1rlauH1e,203407,4,Trap Metal,Cinder Blocks,,
0.439,0.965,1,-1.804,1,0.15,0.0234,0.0,0.3289999999999999,0.172,160.187,audio_features,3DZCBkwGS1kkfFRUJ7Ju2u,spotify:track:3DZCBkwGS1kkfFRUJ7Ju2u,https://api.spotify.com/v1/tracks/3DZCBkwGS1kkfFRUJ7Ju2u,https://api.spotify.com/v1/audio-analysis/3DZCBkwGS1kkfFRUJ7Ju2u,111456,4,Trap Metal,Elimination,,
0.534,0.773,7,-13.344,1,0.3939999999999999,0.0021899999999999,1.58e-06,0.373,0.4589999999999999,154.998,audio_features,3tRuyFImTucrUY8MR9dDLU,spotify:track:3tRuyFImTucrUY8MR9dDLU,https://api.spotify.com/v1/tracks/3tRuyFImTucrUY8MR9dDLU,https://api.spotify.com/v1/audio-analysis/3tRuyFImTucrUY8MR9dDLU,103290,4,Trap Metal,Smoke & Mirrors,,
0.546,0.861,7,-6.784,1,0.0682,5.24e-05,1.26e-05,0.367,0.237,115.077,audio_features,6EUHrDgibEUpPoiRRtSsO6,spotify:track:6EUHrDgibEUpPoiRRtSsO6,https://api.spotify.com/v1/tracks/6EUHrDgibEUpPoiRRtSsO6,https://api.spotify.com/v1/audio-analysis/6EUHrDgibEUpPoiRRtSsO6,134322,4,Trap Metal,"From Hell, I Crawled Back",,
0.763,0.48,4,-14.593,0,0.356,0.246,0.0,0.362,0.742,204.094,audio_features,2MKznt3SBUurI2dhGBhgKG,spotify:track:2MKznt3SBUurI2dhGBhgKG,https://api.spotify.com/v1/tracks/2MKznt3SBUurI2dhGBhgKG,https://api.spotify.com/v1/audio-analysis/2MKznt3SBUurI2dhGBhgKG,221597,4,Underground Rap,Midnight $pecial,,
0.362,0.979,7,-5.643,1,0.8170000000000001,0.00329,0.00365,0.547,0.0387,160.072,audio_features,0GpHpTBnQ1VZdlfyBGeoKr,spotify:track:0GpHpTBnQ1VZdlfyBGeoKr,https://api.spotify.com/v1/tracks/0GpHpTBnQ1VZdlfyBGeoKr,https://api.spotify.com/v1/audio-analysis/0GpHpTBnQ1VZdlfyBGeoKr,169255,4,Underground Rap,IDK,,
0.7929999999999999,0.777,1,-8.026,1,0.086,0.00225,0.0629,0.504,0.7040000000000001,165.00799999999998,audio_features,7in64eGZcfSb6Ag9modv0f,spotify:track:7in64eGZcfSb6Ag9modv0f,https://api.spotify.com/v1/tracks/7in64eGZcfSb6Ag9modv0f,https://api.spotify.com/v1/audio-analysis/7in64eGZcfSb6Ag9modv0f,152773,4,Underground Rap,KILL THEM ALL,,
0.657,0.914,7,-4.631,1,0.17,0.012,0.0861,0.233,0.626,160.048,audio_features,7pR6pkqITDQSGhSJOzRjWh,spotify:track:7pR6pkqITDQSGhSJOzRjWh,https://api.spotify.com/v1/tracks/7pR6pkqITDQSGhSJOzRjWh,https://api.spotify.com/v1/audio-analysis/7pR6pkqITDQSGhSJOzRjWh,158825,5,Underground Rap,Destiny,,
0.735,0.512,4,-9.889,0,0.163,0.0632,0.000524,0.114,0.214,188.06,audio_features,1xWbHRmEAvMXT9nnUtRJM8,spotify:track:1xWbHRmEAvMXT9nnUtRJM8,https://api.spotify.com/v1/tracks/1xWbHRmEAvMXT9nnUtRJM8,https://api.spotify.com/v1/audio-analysis/1xWbHRmEAvMXT9nnUtRJM8,145682,4,Underground Rap,Trife,,
0.7390000000000001,0.856,9,-5.178,0,0.615,0.41,2.64e-05,0.1,0.498,186.137,audio_features,5Qt9JOhdYDkH30Qi8SRS1e,spotify:track:5Qt9JOhdYDkH30Qi8SRS1e,https://api.spotify.com/v1/tracks/5Qt9JOhdYDkH30Qi8SRS1e,https://api.spotify.com/v1/audio-analysis/5Qt9JOhdYDkH30Qi8SRS1e,175484,4,Underground Rap,My Time,,
0.4589999999999999,0.637,0,-7.789,1,0.103,0.00488,0.413,0.8490000000000001,0.4629999999999999,179.82,audio_features,5W5qZHebC8ncoKusNGcfpn,spotify:track:5W5qZHebC8ncoKusNGcfpn,https://api.spotify.com/v1/tracks/5W5qZHebC8ncoKusNGcfpn,https://api.spotify.com/v1/audio-analysis/5W5qZHebC8ncoKusNGcfpn,154722,5,Underground Rap,Country Life,,
0.797,0.773,4,-5.856,0,0.288,0.00223,1.79e-06,0.179,0.7929999999999999,165.021,audio_features,5Vh9ObRtwoIksf0fsTwxrm,spotify:track:5Vh9ObRtwoIksf0fsTwxrm,https://api.spotify.com/v1/tracks/5Vh9ObRtwoIksf0fsTwxrm,https://api.spotify.com/v1/audio-analysis/5Vh9ObRtwoIksf0fsTwxrm,192000,4,Underground Rap,OMG,,
0.755,0.84,0,-7.292999999999999,1,0.308,0.0228,0.0,0.148,0.62,145.061,audio_features,6obSm3XyX5YhoGntZ08FIV,spotify:track:6obSm3XyX5YhoGntZ08FIV,https://api.spotify.com/v1/tracks/6obSm3XyX5YhoGntZ08FIV,https://api.spotify.com/v1/audio-analysis/6obSm3XyX5YhoGntZ08FIV,175760,4,Underground Rap,Jet Lagged,,
0.797,0.66,10,-5.8020000000000005,0,0.0924,0.0697,4.9000000000000005e-06,0.133,0.285,120.007,audio_features,1RL3FJflxMXmdgfRdUnFmz,spotify:track:1RL3FJflxMXmdgfRdUnFmz,https://api.spotify.com/v1/tracks/1RL3FJflxMXmdgfRdUnFmz,https://api.spotify.com/v1/audio-analysis/1RL3FJflxMXmdgfRdUnFmz,280294,4,Underground Rap,Smoke Alone,,
0.434,0.795,8,-6.066,1,0.0379,0.0424,0.7040000000000001,0.252,0.0489,173.929,audio_features,5qG8gAytdGSbaa067yVhvv,spotify:track:5qG8gAytdGSbaa067yVhvv,https://api.spotify.com/v1/tracks/5qG8gAytdGSbaa067yVhvv,https://api.spotify.com/v1/audio-analysis/5qG8gAytdGSbaa067yVhvv,293371,4,dnb,,15000.0,Drum and Bass 2020
0.284,0.774,0,-3.282,1,0.0383,0.0226,0.934,0.13,0.0384,174.942,audio_features,6k9PTMNHQ3Y5ZzjSMl16Cu,spotify:track:6k9PTMNHQ3Y5ZzjSMl16Cu,https://api.spotify.com/v1/tracks/6k9PTMNHQ3Y5ZzjSMl16Cu,https://api.spotify.com/v1/audio-analysis/6k9PTMNHQ3Y5ZzjSMl16Cu,249905,4,dnb,,15001.0,Liqduicity Drum & Bass
0.458,0.935,7,-3.621,1,0.0468,0.282,0.7879999999999999,0.0616,0.6990000000000001,175.05599999999995,audio_features,6ytQtRO3dvBgkFUDJhoour,spotify:track:6ytQtRO3dvBgkFUDJhoour,https://api.spotify.com/v1/tracks/6ytQtRO3dvBgkFUDJhoour,https://api.spotify.com/v1/audio-analysis/6ytQtRO3dvBgkFUDJhoour,354129,4,dnb,,15002.0,Drum and Bass - 2015 to 2020
0.418,0.944,0,-2.763,1,0.0672,0.000903,0.0069,0.833,0.242,173.99200000000005,audio_features,4651lgN217IPEBD4aQhVS1,spotify:track:4651lgN217IPEBD4aQhVS1,https://api.spotify.com/v1/tracks/4651lgN217IPEBD4aQhVS1,https://api.spotify.com/v1/audio-analysis/4651lgN217IPEBD4aQhVS1,293200,4,dnb,,15003.0,Liqduicity Drum & Bass
0.375,0.943,0,-2.984,1,0.0484,0.000507,0.6890000000000001,0.287,0.179,175.019,audio_features,59eDN8Agmf1tnOlI1eRvS2,spotify:track:59eDN8Agmf1tnOlI1eRvS2,https://api.spotify.com/v1/tracks/59eDN8Agmf1tnOlI1eRvS2,https://api.spotify.com/v1/audio-analysis/59eDN8Agmf1tnOlI1eRvS2,223064,4,dnb,,15004.0,Liqduicity Drum & Bass
0.519,0.913,6,-4.186,1,0.0689,1.46e-05,0.363,0.188,0.408,174.03799999999995,audio_features,2AWznsGrutuvmbvGPNtREy,spotify:track:2AWznsGrutuvmbvGPNtREy,https://api.spotify.com/v1/tracks/2AWznsGrutuvmbvGPNtREy,https://api.spotify.com/v1/audio-analysis/2AWznsGrutuvmbvGPNtREy,350349,4,dnb,,15005.0,Liqduicity Drum & Bass
0.55,0.847,9,-2.917,1,0.0414,0.155,0.0101,0.0764,0.0587,174.016,audio_features,31JDAMlZiTJ0zcz1dfZNws,spotify:track:31JDAMlZiTJ0zcz1dfZNws,https://api.spotify.com/v1/tracks/31JDAMlZiTJ0zcz1dfZNws,https://api.spotify.com/v1/audio-analysis/31JDAMlZiTJ0zcz1dfZNws,252414,4,dnb,,15006.0,Liquid Drum and Bass
0.46,0.872,1,-2.444,1,0.421,0.00256,0.0145,0.236,0.19,171.733,audio_features,4fzCu6DCcitJIVwePOZIxk,spotify:track:4fzCu6DCcitJIVwePOZIxk,https://api.spotify.com/v1/tracks/4fzCu6DCcitJIVwePOZIxk,https://api.spotify.com/v1/audio-analysis/4fzCu6DCcitJIVwePOZIxk,301369,4,dnb,,15007.0,UKF Drum & Bass
0.585,0.964,0,-4.712,0,0.0533,3.07e-05,0.696,0.0523,0.5920000000000001,174.976,audio_features,31hRAtnRi8BsbeN6swmSxO,spotify:track:31hRAtnRi8BsbeN6swmSxO,https://api.spotify.com/v1/tracks/31hRAtnRi8BsbeN6swmSxO,https://api.spotify.com/v1/audio-analysis/31hRAtnRi8BsbeN6swmSxO,394971,4,dnb,,15008.0,UKF Drum & Bass - All Uploads
0.522,0.8140000000000001,11,-2.605,0,0.0377,0.00136,0.109,0.217,0.217,172.07,audio_features,6ZhnUV3diBIkfpI4WDbJAk,spotify:track:6ZhnUV3diBIkfpI4WDbJAk,https://api.spotify.com/v1/tracks/6ZhnUV3diBIkfpI4WDbJAk,https://api.spotify.com/v1/audio-analysis/6ZhnUV3diBIkfpI4WDbJAk,293305,4,dnb,,15009.0,Liquid Drum and Bass Sessions 2020
0.628,0.889,5,-3.198,1,0.142,0.0338,0.0008039999999999,0.136,0.2,149.957,audio_features,6Cm8BkftC0RQBr1oE2RKS0,spotify:track:6Cm8BkftC0RQBr1oE2RKS0,https://api.spotify.com/v1/tracks/6Cm8BkftC0RQBr1oE2RKS0,https://api.spotify.com/v1/audio-analysis/6Cm8BkftC0RQBr1oE2RKS0,173005,4,hardstyle,,18000.0,Euphoric Hardstyle
0.324,0.956,1,-2.951,1,0.405,0.0142,0.0,0.105,0.0939,150.05,audio_features,6LuUxPQWwuHYrwFOlYRDBE,spotify:track:6LuUxPQWwuHYrwFOlYRDBE,https://api.spotify.com/v1/tracks/6LuUxPQWwuHYrwFOlYRDBE,https://api.spotify.com/v1/audio-analysis/6LuUxPQWwuHYrwFOlYRDBE,243998,4,hardstyle,,18001.0,Best Hardstyle ever made
0.519,0.889,0,-4.519,0,0.0547,0.163,0.000175,0.348,0.175,150.041,audio_features,3jKTxh04LSkSw7TPurC52t,spotify:track:3jKTxh04LSkSw7TPurC52t,https://api.spotify.com/v1/tracks/3jKTxh04LSkSw7TPurC52t,https://api.spotify.com/v1/audio-analysis/3jKTxh04LSkSw7TPurC52t,226000,4,hardstyle,,18003.0,Hardstyle 2020 | Updated Weekly
0.333,0.865,8,-2.901,0,0.076,0.0359,0.0,0.133,0.277,151.966,audio_features,6cjNMBHuFR5C1iSZuwPMMJ,spotify:track:6cjNMBHuFR5C1iSZuwPMMJ,https://api.spotify.com/v1/tracks/6cjNMBHuFR5C1iSZuwPMMJ,https://api.spotify.com/v1/audio-analysis/6cjNMBHuFR5C1iSZuwPMMJ,231452,4,hardstyle,,18004.0,Euphoric Hardstyle
0.552,0.947,1,-3.955,1,0.0582,0.014,5.24e-06,0.2,0.213,150.128,audio_features,2HwxQgavFbg5kHqDDmpTEF,spotify:track:2HwxQgavFbg5kHqDDmpTEF,https://api.spotify.com/v1/tracks/2HwxQgavFbg5kHqDDmpTEF,https://api.spotify.com/v1/audio-analysis/2HwxQgavFbg5kHqDDmpTEF,219915,4,hardstyle,,18005.0,Euphoric Hardstyle
0.518,0.971,11,-7.435,0,0.0903,0.00433,0.603,0.805,0.225,152.012,audio_features,1LKvVKWgsQuz17jrj7FKEK,spotify:track:1LKvVKWgsQuz17jrj7FKEK,https://api.spotify.com/v1/tracks/1LKvVKWgsQuz17jrj7FKEK,https://api.spotify.com/v1/audio-analysis/1LKvVKWgsQuz17jrj7FKEK,303160,4,hardstyle,,18006.0,Euphoric Hardstyle
0.485,0.878,5,-3.998,1,0.0498,8.9e-05,0.0438,0.181,0.214,149.951,audio_features,4f9TpDTOA0VwkxlRxChS00,spotify:track:4f9TpDTOA0VwkxlRxChS00,https://api.spotify.com/v1/tracks/4f9TpDTOA0VwkxlRxChS00,https://api.spotify.com/v1/audio-analysis/4f9TpDTOA0VwkxlRxChS00,206042,4,hardstyle,,18007.0,Best of Hardstyle 2020
0.522,0.888,1,-4.6080000000000005,0,0.0349,0.0187,0.0105,0.222,0.382,149.99200000000005,audio_features,4n1lOog0xbVDegWRtmfld0,spotify:track:4n1lOog0xbVDegWRtmfld0,https://api.spotify.com/v1/tracks/4n1lOog0xbVDegWRtmfld0,https://api.spotify.com/v1/audio-analysis/4n1lOog0xbVDegWRtmfld0,136000,4,hardstyle,,18008.0,Euphoric Hardstyle & Melodic Hardstyle
0.49,0.861,11,-5.367999999999999,0,0.0366,0.00449,1.22e-05,0.6509999999999999,0.462,147.985,audio_features,2Q0JDDSAu3M0rffZZpCmqb,spotify:track:2Q0JDDSAu3M0rffZZpCmqb,https://api.spotify.com/v1/tracks/2Q0JDDSAu3M0rffZZpCmqb,https://api.spotify.com/v1/audio-analysis/2Q0JDDSAu3M0rffZZpCmqb,182432,4,hardstyle,,18009.0,Euphoric Hardstyle
0.565,0.927,0,-3.765,0,0.0268,0.168,0.1369999999999999,0.106,0.618,150.019,audio_features,0628fmlONRjfNUoPpvcuku,spotify:track:0628fmlONRjfNUoPpvcuku,https://api.spotify.com/v1/tracks/0628fmlONRjfNUoPpvcuku,https://api.spotify.com/v1/audio-analysis/0628fmlONRjfNUoPpvcuku,168019,1,hardstyle,,18010.0,Euphoric Hardstyle & Melodic Hardstyle
0.578,0.97,6,-6.167000000000002,0,0.0414,4.01e-05,0.764,0.6679999999999999,0.424,142.998,audio_features,6fwE02v9KUvGlND9HWc1s2,spotify:track:6fwE02v9KUvGlND9HWc1s2,https://api.spotify.com/v1/tracks/6fwE02v9KUvGlND9HWc1s2,https://api.spotify.com/v1/audio-analysis/6fwE02v9KUvGlND9HWc1s2,489577,4,psytrance,,9000.0,Psy Trance Full-on Morning
0.58,0.823,2,-7.431,1,0.0427,0.000719,0.879,0.215,0.267,140.029,audio_features,545lZwlaD01rvm7XMOXRzR,spotify:track:545lZwlaD01rvm7XMOXRzR,https://api.spotify.com/v1/tracks/545lZwlaD01rvm7XMOXRzR,https://api.spotify.com/v1/audio-analysis/545lZwlaD01rvm7XMOXRzR,432438,4,psytrance,,9001.0,Psytrance New Releases 2020
0.674,0.921,11,-6.962999999999999,0,0.041,1.77e-05,0.851,0.602,0.156,138.0,audio_features,5mmEAJGrjIconbAvP1PRzH,spotify:track:5mmEAJGrjIconbAvP1PRzH,https://api.spotify.com/v1/tracks/5mmEAJGrjIconbAvP1PRzH,https://api.spotify.com/v1/audio-analysis/5mmEAJGrjIconbAvP1PRzH,431304,4,psytrance,,9002.0,Psytrance: From Full on to Forrest Trance
0.65,0.616,11,-9.49,0,0.0325,0.0109,0.855,0.282,0.157,134.974,audio_features,6EwoOeh3S3FRpNjbQx2HhA,spotify:track:6EwoOeh3S3FRpNjbQx2HhA,https://api.spotify.com/v1/tracks/6EwoOeh3S3FRpNjbQx2HhA,https://api.spotify.com/v1/audio-analysis/6EwoOeh3S3FRpNjbQx2HhA,589749,4,psytrance,,9003.0,Psytrance Can
0.631,0.945,6,-8.885,0,0.042,0.00319,0.691,0.78,0.139,136.019,audio_features,7qyKoPdSdhSs3p7ZSP3mnA,spotify:track:7qyKoPdSdhSs3p7ZSP3mnA,https://api.spotify.com/v1/tracks/7qyKoPdSdhSs3p7ZSP3mnA,https://api.spotify.com/v1/audio-analysis/7qyKoPdSdhSs3p7ZSP3mnA,474706,3,psytrance,,9004.0,Psytrance Can
0.7709999999999999,0.797,9,-9.173,1,0.0656,0.00762,0.895,0.0726,0.0627,137.005,audio_features,0T0iq2MqMvGk0ZRUdRHGBi,spotify:track:0T0iq2MqMvGk0ZRUdRHGBi,https://api.spotify.com/v1/tracks/0T0iq2MqMvGk0ZRUdRHGBi,https://api.spotify.com/v1/audio-analysis/0T0iq2MqMvGk0ZRUdRHGBi,499270,4,psytrance,,9005.0,PsyTrance 2019 By GMR
0.7120000000000001,0.96,11,-5.8870000000000005,0,0.0407,2.660000000000001e-05,0.836,0.13,0.206,144.013,audio_features,5qWM0pUeIHyhQWph7dJaZR,spotify:track:5qWM0pUeIHyhQWph7dJaZR,https://api.spotify.com/v1/tracks/5qWM0pUeIHyhQWph7dJaZR,https://api.spotify.com/v1/audio-analysis/5qWM0pUeIHyhQWph7dJaZR,446667,4,psytrance,,9006.0,Psytrance: From Full on to Forrest Trance
0.512,0.963,8,-4.078,1,0.0509,8.14e-05,0.815,0.22,0.153,144.994,audio_features,7CRMavjrfUFzj4ijaMQMDN,spotify:track:7CRMavjrfUFzj4ijaMQMDN,https://api.spotify.com/v1/tracks/7CRMavjrfUFzj4ijaMQMDN,https://api.spotify.com/v1/audio-analysis/7CRMavjrfUFzj4ijaMQMDN,450207,4,psytrance,,9007.0,Psytrance Supernova
0.578,0.8240000000000001,7,-9.191,1,0.054,0.00173,0.625,0.37,0.0951,152.023,audio_features,18M7yz6dmBJ8TVZ59GSbOs,spotify:track:18M7yz6dmBJ8TVZ59GSbOs,https://api.spotify.com/v1/tracks/18M7yz6dmBJ8TVZ59GSbOs,https://api.spotify.com/v1/audio-analysis/18M7yz6dmBJ8TVZ59GSbOs,382000,4,psytrance,,9008.0,Psytrance New Releases 2020
0.688,0.858,7,-8.402999999999999,1,0.0559,0.00286,0.846,0.0791,0.0397,140.01,audio_features,2kkrjNkbFzCImYoOX69eTd,spotify:track:2kkrjNkbFzCImYoOX69eTd,https://api.spotify.com/v1/tracks/2kkrjNkbFzCImYoOX69eTd,https://api.spotify.com/v1/audio-analysis/2kkrjNkbFzCImYoOX69eTd,425143,4,psytrance,,9009.0,PsyTrance 2020 By GMR
0.8059999999999999,0.95,7,-6.782,1,0.0811,0.000957,0.92,0.113,0.58,127.997,audio_features,5LzAV6KfjN8VhWCedeygfY,spotify:track:5LzAV6KfjN8VhWCedeygfY,https://api.spotify.com/v1/tracks/5LzAV6KfjN8VhWCedeygfY,https://api.spotify.com/v1/audio-analysis/5LzAV6KfjN8VhWCedeygfY,197499,4,techhouse,,0.0,Dirtybird Players
0.8029999999999999,0.6970000000000001,6,-9.479,1,0.0599,0.00013,0.888,0.356,0.35,126.008,audio_features,6nxvhvk9etkPBXXzsLP6re,spotify:track:6nxvhvk9etkPBXXzsLP6re,https://api.spotify.com/v1/tracks/6nxvhvk9etkPBXXzsLP6re,https://api.spotify.com/v1/audio-analysis/6nxvhvk9etkPBXXzsLP6re,507998,4,techhouse,,1.0,Tech House Movement
0.7290000000000001,0.978,10,-6.645,1,0.042,0.0623,0.908,0.0353,0.778,124.994,audio_features,3TsCb6ueD678XBJDiRrvhr,spotify:track:3TsCb6ueD678XBJDiRrvhr,https://api.spotify.com/v1/tracks/3TsCb6ueD678XBJDiRrvhr,https://api.spotify.com/v1/audio-analysis/3TsCb6ueD678XBJDiRrvhr,206000,4,techhouse,,2.0,tech house
0.7240000000000001,0.792,4,-8.555,0,0.0405,0.0191,0.812,0.108,0.346,124.006,audio_features,6Y0Fy2buEis7bEOlG0QET1,spotify:track:6Y0Fy2buEis7bEOlG0QET1,https://api.spotify.com/v1/tracks/6Y0Fy2buEis7bEOlG0QET1,https://api.spotify.com/v1/audio-analysis/6Y0Fy2buEis7bEOlG0QET1,199839,4,techhouse,,3.0,Tech House Bangerz
0.7,0.898,8,-6.099,1,0.257,0.053,0.418,0.574,0.7909999999999999,125.031,audio_features,4EJI2XGViSQp6WscLKgYDD,spotify:track:4EJI2XGViSQp6WscLKgYDD,https://api.spotify.com/v1/tracks/4EJI2XGViSQp6WscLKgYDD,https://api.spotify.com/v1/audio-analysis/4EJI2XGViSQp6WscLKgYDD,173861,4,techhouse,,4.0,tech house
0.8029999999999999,0.919,8,-8.667,0,0.0702,0.000301,0.926,0.102,0.754,127.029,audio_features,4x6VzOQTLIrkkCWcDPh5Y0,spotify:track:4x6VzOQTLIrkkCWcDPh5Y0,https://api.spotify.com/v1/tracks/4x6VzOQTLIrkkCWcDPh5Y0,https://api.spotify.com/v1/audio-analysis/4x6VzOQTLIrkkCWcDPh5Y0,394960,4,techhouse,,5.0,blanc | Tech House
0.805,0.993,9,-6.796,1,0.0471,0.00385,0.765,0.0256,0.875,125.998,audio_features,3dxVpHR4XgQZrTUu49poGR,spotify:track:3dxVpHR4XgQZrTUu49poGR,https://api.spotify.com/v1/tracks/3dxVpHR4XgQZrTUu49poGR,https://api.spotify.com/v1/audio-analysis/3dxVpHR4XgQZrTUu49poGR,229250,4,techhouse,,6.0,Toolroom Tech House
0.8029999999999999,0.858,10,-4.019,1,0.0538,0.0111,0.096,0.0766,0.862,121.989,audio_features,5SB73InpxuEQ20qEWhOQFV,spotify:track:5SB73InpxuEQ20qEWhOQFV,https://api.spotify.com/v1/tracks/5SB73InpxuEQ20qEWhOQFV,https://api.spotify.com/v1/audio-analysis/5SB73InpxuEQ20qEWhOQFV,158115,4,techhouse,,7.0,Tech house
0.8059999999999999,0.7140000000000001,1,-7.0070000000000014,0,0.0824,0.00354,0.86,0.095,0.542,123.988,audio_features,25u5WwPglJ8i8gu4HQOx8u,spotify:track:25u5WwPglJ8i8gu4HQOx8u,https://api.spotify.com/v1/tracks/25u5WwPglJ8i8gu4HQOx8u,https://api.spotify.com/v1/audio-analysis/25u5WwPglJ8i8gu4HQOx8u,341612,4,techhouse,,8.0,Dirtybird//Techhouse by Mack\
0.8029999999999999,0.925,11,-6.433,1,0.0627,0.000519,0.254,0.0462,0.774,124.006,audio_features,1hKQtW2lzgBCSoUBf084lJ,spotify:track:1hKQtW2lzgBCSoUBf084lJ,https://api.spotify.com/v1/tracks/1hKQtW2lzgBCSoUBf084lJ,https://api.spotify.com/v1/audio-analysis/1hKQtW2lzgBCSoUBf084lJ,338200,4,techhouse,,9.0,Dirtybird//Techhouse by Mack\
0.657,0.6920000000000001,7,-12.977,1,0.0859,0.173,0.8420000000000001,0.638,0.106,129.989,audio_features,6KLCvBLOxz2Oob3vNty1s5,spotify:track:6KLCvBLOxz2Oob3vNty1s5,https://api.spotify.com/v1/tracks/6KLCvBLOxz2Oob3vNty1s5,https://api.spotify.com/v1/audio-analysis/6KLCvBLOxz2Oob3vNty1s5,392726,4,techno,,3000.0,Techno
0.687,0.8490000000000001,11,-12.646,0,0.0478,0.000154,0.895,0.216,0.0481,131.999,audio_features,1NIO7IHK4acUYMk0ZhX1AE,spotify:track:1NIO7IHK4acUYMk0ZhX1AE,https://api.spotify.com/v1/tracks/1NIO7IHK4acUYMk0ZhX1AE,https://api.spotify.com/v1/audio-analysis/1NIO7IHK4acUYMk0ZhX1AE,400000,4,techno,,3001.0,techno. only. (08/02)
0.6779999999999999,0.956,5,-6.746,1,0.0563,0.0113,0.8759999999999999,0.112,0.188,128.006,audio_features,5CBhw3JjAUhW0hXm2T0YbX,spotify:track:5CBhw3JjAUhW0hXm2T0YbX,https://api.spotify.com/v1/tracks/5CBhw3JjAUhW0hXm2T0YbX,https://api.spotify.com/v1/audio-analysis/5CBhw3JjAUhW0hXm2T0YbX,264666,4,techno,,3002.0,DARK UNDERGROUND TECHNO
0.617,0.995,1,-7.141,1,0.252,0.000255,0.87,0.105,0.0367,135.998,audio_features,4pW0VL7dPluJ2lGZbFPPfq,spotify:track:4pW0VL7dPluJ2lGZbFPPfq,https://api.spotify.com/v1/tracks/4pW0VL7dPluJ2lGZbFPPfq,https://api.spotify.com/v1/audio-analysis/4pW0VL7dPluJ2lGZbFPPfq,390760,4,techno,,3003.0,techno. only. (08/02)
0.792,0.836,11,-6.068,0,0.0737,0.000328,0.875,0.0733,0.1669999999999999,130.0,audio_features,61PYduXLrWTpvMnSsBy55N,spotify:track:61PYduXLrWTpvMnSsBy55N,https://api.spotify.com/v1/tracks/61PYduXLrWTpvMnSsBy55N,https://api.spotify.com/v1/audio-analysis/61PYduXLrWTpvMnSsBy55N,361851,4,techno,,3005.0,DARK UNDERGROUND TECHNO
0.74,0.425,6,-12.409,0,0.0628,0.0103,0.94,0.106,0.279,127.003,audio_features,7b2WpRzyipiqTaxuA8qJtM,spotify:track:7b2WpRzyipiqTaxuA8qJtM,https://api.spotify.com/v1/tracks/7b2WpRzyipiqTaxuA8qJtM,https://api.spotify.com/v1/audio-analysis/7b2WpRzyipiqTaxuA8qJtM,396490,4,techno,,3006.0,True Techno
0.679,0.736,2,-8.802,1,0.0578,0.00336,0.882,0.102,0.0366,125.975,audio_features,21crevXuQfb85tlhTbQJNl,spotify:track:21crevXuQfb85tlhTbQJNl,https://api.spotify.com/v1/tracks/21crevXuQfb85tlhTbQJNl,https://api.spotify.com/v1/audio-analysis/21crevXuQfb85tlhTbQJNl,278002,4,techno,,3007.0,Dark Techno Rave
0.665,0.7959999999999999,7,-8.502,1,0.0481,0.00369,0.924,0.336,0.087,124.001,audio_features,678jC81MyVTsvPTjvgMnRJ,spotify:track:678jC81MyVTsvPTjvgMnRJ,https://api.spotify.com/v1/tracks/678jC81MyVTsvPTjvgMnRJ,https://api.spotify.com/v1/audio-analysis/678jC81MyVTsvPTjvgMnRJ,465968,4,techno,,3008.0,Dark Techno
0.8029999999999999,0.645,7,-8.949,1,0.0808,0.00154,0.847,0.0996,0.409,123.991,audio_features,17UV3ByF3BqbH6LZIqs33p,spotify:track:17UV3ByF3BqbH6LZIqs33p,https://api.spotify.com/v1/tracks/17UV3ByF3BqbH6LZIqs33p,https://api.spotify.com/v1/audio-analysis/17UV3ByF3BqbH6LZIqs33p,482419,4,techno,,3009.0,Dark Techno Rave
0.672,0.7070000000000001,7,-10.083,1,0.0463,0.0182,0.626,0.102,0.235,126.47,audio_features,7tOgnkWucGxSpEfVvuPz6y,spotify:track:7tOgnkWucGxSpEfVvuPz6y,https://api.spotify.com/v1/tracks/7tOgnkWucGxSpEfVvuPz6y,https://api.spotify.com/v1/audio-analysis/7tOgnkWucGxSpEfVvuPz6y,341004,4,techno,,3010.0,Dark Techno Rave
0.512,0.986,7,-5.195,0,0.112,0.00215,0.0108,0.325,0.13,137.945,audio_features,5zTJW6dQ6DlsWoLBzZUCcV,spotify:track:5zTJW6dQ6DlsWoLBzZUCcV,https://api.spotify.com/v1/tracks/5zTJW6dQ6DlsWoLBzZUCcV,https://api.spotify.com/v1/audio-analysis/5zTJW6dQ6DlsWoLBzZUCcV,206957,4,trance,,6000.0,Uplifting | Trance
0.537,0.994,0,-9.764,0,0.0875,0.000258,0.858,0.202,0.174,138.009,audio_features,17gDwEsVwf7YXN2fQlrZQK,spotify:track:17gDwEsVwf7YXN2fQlrZQK,https://api.spotify.com/v1/tracks/17gDwEsVwf7YXN2fQlrZQK,https://api.spotify.com/v1/audio-analysis/17gDwEsVwf7YXN2fQlrZQK,465978,4,trance,,6001.0,Top Trance Songs EVER
0.54,0.96,6,-3.393,1,0.048,0.00104,0.524,0.245,0.341,132.077,audio_features,3rLatMOAMWkn2siAtGPSMK,spotify:track:3rLatMOAMWkn2siAtGPSMK,https://api.spotify.com/v1/tracks/3rLatMOAMWkn2siAtGPSMK,https://api.spotify.com/v1/audio-analysis/3rLatMOAMWkn2siAtGPSMK,178182,4,trance,,6002.0,Uplifting | Trance
0.5479999999999999,0.802,7,-6.0310000000000015,1,0.0432,0.0078599999999999,0.0173,0.136,0.12,137.011,audio_features,25yGMt2PaOlgkYUGUaP3Vm,spotify:track:25yGMt2PaOlgkYUGUaP3Vm,https://api.spotify.com/v1/tracks/25yGMt2PaOlgkYUGUaP3Vm,https://api.spotify.com/v1/audio-analysis/25yGMt2PaOlgkYUGUaP3Vm,265001,4,trance,,6003.0,Top Trance Songs EVER
0.5920000000000001,0.601,1,-10.643,1,0.213,0.00183,0.7490000000000001,0.258,0.459,133.936,audio_features,2oA1pr99SZ3z2qmt2Teauq,spotify:track:2oA1pr99SZ3z2qmt2Teauq,https://api.spotify.com/v1/tracks/2oA1pr99SZ3z2qmt2Teauq,https://api.spotify.com/v1/audio-analysis/2oA1pr99SZ3z2qmt2Teauq,347493,4,trance,,6004.0,Anjunabeats Volumes 1 - 14
0.472,0.847,0,-7.886,0,0.0671,6.03e-05,0.8590000000000001,0.0901,0.0938,128.329,audio_features,1u13pAYhaC7zaVnBAnii0t,spotify:track:1u13pAYhaC7zaVnBAnii0t,https://api.spotify.com/v1/tracks/1u13pAYhaC7zaVnBAnii0t,https://api.spotify.com/v1/audio-analysis/1u13pAYhaC7zaVnBAnii0t,217525,4,trance,,6005.0,Progressive Trance
0.503,0.926,1,-5.693,0,0.0804,0.00147,0.124,0.299,0.0376,140.034,audio_features,7n2sY0YR6ZuokNHyrmg9XS,spotify:track:7n2sY0YR6ZuokNHyrmg9XS,https://api.spotify.com/v1/tracks/7n2sY0YR6ZuokNHyrmg9XS,https://api.spotify.com/v1/audio-analysis/7n2sY0YR6ZuokNHyrmg9XS,226286,4,trance,,6006.0,Top Trance Songs EVER
0.625,0.7879999999999999,11,-7.801,1,0.0381,0.00329,0.00301,0.122,0.18,128.47799999999998,audio_features,0czCmEkbq10Jxm31QbvzOb,spotify:track:0czCmEkbq10Jxm31QbvzOb,https://api.spotify.com/v1/tracks/0czCmEkbq10Jxm31QbvzOb,https://api.spotify.com/v1/audio-analysis/0czCmEkbq10Jxm31QbvzOb,328747,4,trance,,6007.0,Anjunabeats Volumes 1 - 14
0.5479999999999999,0.942,8,-4.419,1,0.0951,0.0161,0.833,0.303,0.607,138.007,audio_features,5UnqWMmtEDTyKSaTby73kv,spotify:track:5UnqWMmtEDTyKSaTby73kv,https://api.spotify.com/v1/tracks/5UnqWMmtEDTyKSaTby73kv,https://api.spotify.com/v1/audio-analysis/5UnqWMmtEDTyKSaTby73kv,201739,4,trance,,6008.0,Top Trance Songs EVER
0.547,0.904,5,-8.337,1,0.0433,0.000134,0.8809999999999999,0.144,0.204,127.825,audio_features,2IdkWV7EG27be3S44fsBCN,spotify:track:2IdkWV7EG27be3S44fsBCN,https://api.spotify.com/v1/tracks/2IdkWV7EG27be3S44fsBCN,https://api.spotify.com/v1/audio-analysis/2IdkWV7EG27be3S44fsBCN,240333,4,trance,,6009.0,Progressive Trance
0.603,0.992,2,-0.963,1,0.0836,0.0304,0.0276,0.325,0.44,149.955,audio_features,5c84DtDutZ8F2f9RoWN3fd,spotify:track:5c84DtDutZ8F2f9RoWN3fd,https://api.spotify.com/v1/tracks/5c84DtDutZ8F2f9RoWN3fd,https://api.spotify.com/v1/audio-analysis/5c84DtDutZ8F2f9RoWN3fd,246400,4,trap,,12000.0,Headbangers:Dubstep/Riddim
0.407,0.908,1,-4.819,1,0.112,0.00263,0.639,0.271,0.033,140.019,audio_features,5hKffhqHma1j7ijxfTj3ps,spotify:track:5hKffhqHma1j7ijxfTj3ps,https://api.spotify.com/v1/tracks/5hKffhqHma1j7ijxfTj3ps,https://api.spotify.com/v1/audio-analysis/5hKffhqHma1j7ijxfTj3ps,285520,4,trap,,12001.0,HEADBANGERS:Dubstep/Riddim
0.307,0.857,6,-3.801,1,0.0787,0.000871,2.26e-05,0.0656,0.119,160.018,audio_features,2qD9EiBRd2iw4p6jPR8khI,spotify:track:2qD9EiBRd2iw4p6jPR8khI,https://api.spotify.com/v1/tracks/2qD9EiBRd2iw4p6jPR8khI,https://api.spotify.com/v1/audio-analysis/2qD9EiBRd2iw4p6jPR8khI,259648,4,trap,,12002.0,HEADBANGERS:Dubstep/Riddim
0.471,0.98,1,-1.505,1,0.195,4.69e-05,0.0483,0.373,0.404,150.05100000000004,audio_features,4bvLjhTZPZdAjrqlkddDwf,spotify:track:4bvLjhTZPZdAjrqlkddDwf,https://api.spotify.com/v1/tracks/4bvLjhTZPZdAjrqlkddDwf,https://api.spotify.com/v1/audio-analysis/4bvLjhTZPZdAjrqlkddDwf,242800,4,trap,,12003.0,Riddim Dubstep 2017-2018-2019
0.6709999999999999,0.942,1,-1.246,0,0.0805,0.000576,0.0631,0.959,0.19,149.982,audio_features,2HccjO6pu5ciXLyPTCRFSX,spotify:track:2HccjO6pu5ciXLyPTCRFSX,https://api.spotify.com/v1/tracks/2HccjO6pu5ciXLyPTCRFSX,https://api.spotify.com/v1/audio-analysis/2HccjO6pu5ciXLyPTCRFSX,264000,4,trap,,12004.0,Headbangers:Dubstep/Riddim
0.552,0.8590000000000001,9,-3.051,1,0.0836,0.0122,0.000604,0.102,0.168,150.039,audio_features,3RnEdHjAmvR5uoTtwiKPiF,spotify:track:3RnEdHjAmvR5uoTtwiKPiF,https://api.spotify.com/v1/tracks/3RnEdHjAmvR5uoTtwiKPiF,https://api.spotify.com/v1/audio-analysis/3RnEdHjAmvR5uoTtwiKPiF,220808,4,trap,,12005.0,Riddim Dubstep 2017-2018-2019
0.7190000000000001,0.8029999999999999,3,-1.893,1,0.0566,0.108,0.596,0.29,0.0732,139.995,audio_features,5Y8d6nFiUf0QESvoIy3EUn,spotify:track:5Y8d6nFiUf0QESvoIy3EUn,https://api.spotify.com/v1/tracks/5Y8d6nFiUf0QESvoIy3EUn,https://api.spotify.com/v1/audio-analysis/5Y8d6nFiUf0QESvoIy3EUn,202286,4,trap,,12006.0,Riddim or die
0.6679999999999999,0.885,1,-4.129,0,0.205,0.00482,0.000268,0.189,0.314,147.935,audio_features,0gI5T1vlhJlcfbVLrK5lmF,spotify:track:0gI5T1vlhJlcfbVLrK5lmF,https://api.spotify.com/v1/tracks/0gI5T1vlhJlcfbVLrK5lmF,https://api.spotify.com/v1/audio-analysis/0gI5T1vlhJlcfbVLrK5lmF,218936,4,trap,,12007.0,Headbangers:Dubstep/Riddim
0.649,0.942,8,-3.749,1,0.121,0.0317,0.245,0.458,0.218,145.083,audio_features,2evQmH8nJCkZl1pJMDFhJI,spotify:track:2evQmH8nJCkZl1pJMDFhJI,https://api.spotify.com/v1/tracks/2evQmH8nJCkZl1pJMDFhJI,https://api.spotify.com/v1/audio-analysis/2evQmH8nJCkZl1pJMDFhJI,208774,5,trap,,12008.0,Riddim or die
0.405,0.977,1,-0.516,1,0.314,0.0278,0.000292,0.246,0.0549,140.201,audio_features,7tdFqql0Czl71UchyrU91k,spotify:track:7tdFqql0Czl71UchyrU91k,https://api.spotify.com/v1/tracks/7tdFqql0Czl71UchyrU91k,https://api.spotify.com/v1/audio-analysis/7tdFqql0Czl71UchyrU91k,238286,4,trap,,12009.0,Headbangers:Dubstep/Riddim
